ขั้นตอน,จำนวนแถวที่กระทบ,การตัดสินใจ
1. แถวซ้ำทุกคอลัมน์,265,ลบ เก็บแถวแรกไว้
2. datetime: ISO ปี พ.ศ.,628,แปลงเป็น YYYY-MM-DDTHH:MM:SS+07:00 ปี ค.ศ.
2. datetime: DD/MM/YYYY,521,แปลงเป็น YYYY-MM-DDTHH:MM:SS+07:00 ปี ค.ศ. ใส่วินาที 00
2. datetime: DD/MM/YYYY + ปี พ.ศ.,9,แปลงเป็น YYYY-MM-DDTHH:MM:SS+07:00 ปี ค.ศ. ใส่วินาที 00
2. datetime อ่านไม่ได้,0,ลบ (ไม่รู้วันที่จริง)
3. ชื่อสาขา,1061,ตัดช่องว่าง + map เป็น 5 ชื่อมาตรฐาน
"4. unit_price มีคำว่า ""บาท""",60,"ตัดคำว่า ""บาท"" แปลงเป็นตัวเลข"
4. unit_price ติดลบ,25,ใช้ค่าบวก (abs) เพราะตัวเลขตรงกับราคาปกติของสินค้า
4. unit_price อ่านไม่ได้,0,ลบ
5. qty = 0,20,ลบ (ไม่รู้จำนวนจริง)
5. product_id ว่าง,15,ลบ (ไม่รู้ว่าเป็นสินค้าอะไร)
6. ซ้ำหลังจัดรูปแบบแล้ว,0,ลบ
